food_id,food_name,amount,category,calories,protein,carbohydrate,sugar,fat,sodium,fiber,saturated_fat,suitable_for_disease,food_type
1,กล้วยไข่,100 g,ผลไม้,107,1.35,24.3,21.5,0.11,22,1.9,0,ไม่มีโรค,สมดุล
2,กล้วยน้ำว้า,100 g,ผลไม้,118,0.78,27.18,18.47,0.15,4,0.9,0,ไม่มีโรค,สมดุล
3,แก้วมังกร,100 g,ผลไม้,56,1.3,10.3,9.3,0.7,4,2.6,0,โรคเบาหวาน,น้ำตาลต่ำ
4,ขนุน,100 g,ผลไม้,101,1.55,21.73,19.17,0.42,26,6.7,0.2,ไม่มีโรค,สมดุล
5,แคนตาลูป,100 g,ผลไม้,28,0.5,5.7,10,0.1,6,0.9,0.1,โรคเบาหวาน,น้ำตาลต่ำ
6,ฝรั่ง,100 g,ผลไม้,68,2.6,14,9,1,2,5,0,โรคเบาหวาน,น้ำตาลต่ำ
7,เงาะ,100 g,ผลไม้,77,0.97,17.92,0,0.14,14,6.5,0,ไม่มีโรค,สมดุล
8,ชมพู่,100 g,ผลไม้,31,0.46,6.74,0,0.04,66,1.1,0,โรคเบาหวาน,น้ำตาลต่ำ
9,แตงโม,100 g,ผลไม้,37,0.81,8.07,8.15,0.07,4,2.5,0.02,ไม่มีโรค,สมดุล
10,ทุเรียน,100 g,ผลไม้,140,2.26,23.81,14.75,3.34,11,3.8,5.3,ไม่มีโรค,สมดุล
11,น้อยหน่า,100 g,ผลไม้,100,1.32,21.84,17.23,0.2,4,5,0.1,ไม่มีโรค,สมดุล
12,มังคุด,100 g,ผลไม้,77,0.5,17.7,17.34,0.06,2,1.8,0,ไม่มีโรค,สมดุล
13,ส้ม,100 g,ผลไม้,46,0.7,9.04,10.67,0.12,3,2.4,0,โรคเบาหวาน,น้ำตาลต่ำ
14,แอปเปิ้ล,100 g,ผลไม้,55,0.2,12,10.09,0.14,58,4.5,0,โรคเบาหวาน,น้ำตาลต่ำ
15,องุ่น,100 g,ผลไม้,51,0.49,10.64,11.17,0.13,6,0.9,0.1,ไม่มีโรค,สมดุล
16,สตรอเบอรี่,100 g,ผลไม้,34,0.8,7.6,3.82,0.5,1,2,0,โรคเบาหวาน,น้ำตาลต่ำ
17,กีวี,100 g,ผลไม้,47,0.9,9.5,0,0.6,4,3,0,โรคเบาหวาน,น้ำตาลต่ำ
18,เชอรี่,100 g,ผลไม้,31,0.4,7,7.36,0.3,7,3.23,1.29,โรคเบาหวาน,น้ำตาลต่ำ
19,ส้มโอ,100 g,ผลไม้,45,1,9.9,11.34,0.2,33,1,0.01,โรคเบาหวาน,น้ำตาลต่ำ
20,ส้มเขียวหวาน,100 g,ผลไม้,45,1,9.9,11.34,0.2,33,1.6,0,โรคเบาหวาน,น้ำตาลต่ำ
21,สาลี่,100 g,ผลไม้,44,0.4,11.4,9.64,0.2,15,3.6,0.2,โรคเบาหวาน,น้ำตาลต่ำ
22,สับปะรด,100 g,ผลไม้,61,0.4,14.7,11.11,0.1,5,1.4,0,โรคเบาหวาน,น้ำตาลต่ำ
23,แตงไทย,100 g,ผลไม้,13,0.2,3.2,2.48,0,0,1.5,0,โรคเบาหวาน,น้ำตาลต่ำ
24,พุทราไทย,100 g,ผลไม้,79,1.7,18.7,0,0.8,3,2.3,0.2,โรคเบาหวาน,น้ำตาลต่ำ
25,อะโวคาโด้,100 g,ผลไม้,160,2,8.5,0.7,14.7,0,7,2.1,โรคหัวใจ,ไขมันต่ำ
26,กาแฟดำ,1 ถ้วย / 180 ml,เครื่องดื่ม,10,0.43,1.66,0,0.19,0,0,0,โรคเบาหวาน,น้ำตาลต่ำ
27,น้ำเก็กฮวย,1 แก้ว / 200 ml,เครื่องดื่ม,72,0,18,15,0,10,1.53,0,ไม่มีโรค,สมดุล
28,น้ำมะนาว,1 แก้ว / 200 ml,เครื่องดื่ม,60,1,20,1.7,0.2,4.8,1.9,0.02,ไม่มีโรค,สมดุล
29,น้ำเสาวรส,1 แก้ว / 200 ml,เครื่องดื่ม,110,4,19,17,1.5,40,10,0,ไม่มีโรค,สมดุล
30,น้ำองุ่น,1 แก้ว / 200 ml,เครื่องดื่ม,142,0,36,14,0,22,0.9,0,ไม่มีโรค,สมดุล
31,น้ำส้ม,1 แก้ว / 200 ml,เครื่องดื่ม,111,1.7,25,8.4,0.5,2.5,0.2,0,ไม่มีโรค,สมดุล
32,น้ำมะพร้าว,1 แก้ว / 200 ml,เครื่องดื่ม,45,1.7,9,2.6,0.5,252,1.1,0,โรคเบาหวาน,น้ำตาลต่ำ
33,น้ำมะเขือเทศ,1 แก้ว / 200 ml,เครื่องดื่ม,50,2,10,7,0,135,1.2,0.3,โรคหัวใจ,ไขมันต่ำ
34,น้ำนมถั่วเหลือง แลคตาซอย สูตรไม่เติมน้ำตาลทราย,1 กล่อง / 300 ml,เครื่องดื่ม,140,9,6,2,9,120,0.5,0.5,โรคเบาหวาน,น้ำตาลต่ำ
35,น้ำนมถั่วเหลือง แลคตาซอย สูตรแคลเซียมสูง,1 กล่อง / 300 ml,เครื่องดื่ม,170,8,18,14,7,105,2,0.84,โรคเบาหวาน,น้ำตาลต่ำ
36,น้ำนมถั่วเหลือง แลคตาซอย รสหวานออริจินัล,1 กล่อง / 300 ml,เครื่องดื่ม,220,8,24,22,10,150,1,1.33,ไม่มีโรค,สมดุล
37,นมถั่วเหลืองผสมงาดำ ดีน่า,1 กล่อง / 180 ml,เครื่องดื่ม,100,6,14,4,2.5,80,1,0.5,โรคเบาหวาน,น้ำตาลต่ำ
38,"แซนวิช, ไก่",1 ชิ้น / 100 g,ฟาสต์ฟู้ด,397,18,23,2,19,372,1,2,ไม่มีโรค,สมดุล
39,"แซนวิช, ปลา",1 ชิ้น / 100 g,ฟาสต์ฟู้ด,294,10.46,27.47,0,15.84,0,8,3,โรคเบาหวาน,น้ำตาลต่ำ
40,ฮอทดอก,1 ชิ้น / 50 g,ฟาสต์ฟู้ด,100,3,13,1,4,400,1,6,ไม่มีโรค,สมดุล
41,"แฮมเบอร์เกอร์, หมู",1  ชิ้น / 108 g,ฟาสต์ฟู้ด,266,13,31,5.38,10,442,0,10.1,ไม่มีโรค,สมดุล
42,"แฮมเบอร์เกอร์, ไก่",1  ชิ้น / 90 g,ฟาสต์ฟู้ด,294,13.29,23.07,0,15.99,515,1,5,ไม่มีโรค,สมดุล
43,ขนมชั้น,100 g,ขนม,99,0,19,12,2.1,29,0,0.5,โรคความดันโลหิตสูง,โซเดียมต่ำ
44,"ขนมปัง, หน้าเนย",100 g,ขนม,310,7,30,2,18,420,2.67,11.8,ไม่มีโรค,สมดุล
45,ข้าวต้มมัด,100 g,ขนม,183,2.5,38,15,2.3,220,1.42,3.08,โรคหัวใจ,ไขมันต่ำ
46,ครัวซอง,100 g,ขนม,273,5.5,31,7.5,14,313,1.3,12,ไม่มีโรค,สมดุล
47,ทองหยอด ,100 g,ขนม,305,3.53,56.9,56.58,6.92,39,0.6,3.2,โรคความดันโลหิตสูง,โซเดียมต่ำ
48,ทองหยิบ,100 g,ขนม,395,7.9,45.9,54.22,19.7,0,0.5,0,โรคความดันโลหิตสูง,โซเดียมต่ำ
49,ฝอยทอง,100 g,ขนม,419,12.71,40.67,41.94,22.51,64,1.9,0,โรคความดันโลหิตสูง,โซเดียมต่ำ
50,ลอดช่องไทย น้ำกะทิ,100 g,ขนม,108,0.72,18.7,12.3,3.04,62,1.5,0,โรคความดันโลหิตสูง,โซเดียมต่ำ
51,ขนมเปียกปูน,100 g,ขนม,160,1.1,35.46,19.78,1.62,92,0,0,โรคความดันโลหิตสูง,โซเดียมต่ำ
52,ถั่วเขียวต้มน้ำตาล,100 g,ขนม,213,7,46.2,29,0.4,8,7.6,0.1,โรคความดันโลหิตสูง,โซเดียมต่ำ
53,เต้าทึงน้ำลำใย,100 g,ขนม,130,4.5,31.5,21,0.5,14,0,0,โรคความดันโลหิตสูง,โซเดียมต่ำ
54,ธัญพืชอบกรอบ,100 g,ขนม,136,5,20,5,4,120,1,12.9,โรคความดันโลหิตสูง,โซเดียมต่ำ
55,คุ๊กกี้ธัญพืช,100 g,ขนม,501,6,65,15,1.1,524,1,0,โรคหัวใจ,ไขมันต่ำ
56,ขนมทองม้วน,100 g,ขนม,135,2,25,13,3,164,0,0.5,โรคหัวใจ,ไขมันต่ำ
57,ขนมเบื้องไส้หวาน,100 g,ขนม,415,14.4,82.4,8.4,1.9,59.2,0,0.2,โรคหัวใจ,ไขมันต่ำ
58,ขนมปังไส้สับปะรด,100 g,ขนม,131,2,24,15,3,80,3.3,10,โรคความดันโลหิตสูง,โซเดียมต่ำ
59,"วุ้นกะทิ, ใบเตย",100 g,ขนม,133,0.6,20.5,9.3,7.8,0,0.6,9,โรคความดันโลหิตสูง,โซเดียมต่ำ
60,ข้าวเหนียวหน้าสังขยา,100 g,ขนม,199,8.4,26.2,4.7,6.3,77.2,0,2.8,ไม่มีโรค,สมดุล
61,"โดนัท, โรยน้ำตาล",100 g,ขนม,443,5.95,59.48,30.42,20.17,370,0,6,ไม่มีโรค,สมดุล
62,กระเพาะปลา,1 ถ้วย / 250 g,อาหารจานหลัก,240,8,49,2,15,1230,0,2.7,ไม่มีโรค,สมดุล
63,"กระเพาะปลา, เส้นหมี่",1 ถ้วย / 250 g,อาหารจานหลัก,220,7,45,0,2,1150,0,0,โรคหัวใจ,ไขมันต่ำ
64,ก๋วยจั๊บณวน,1 ชาม / 250 g,อาหารจานหลัก,240,5,46,4,4,1550,3,0.2,โรคหัวใจ,ไขมันต่ำ
65,ก๋วยเตี๋ยวคั่วไก่,1 ชาม / 250 g,อาหารจานหลัก,429,21,5,0,33,941,0,4.6,ไม่มีโรค,สมดุล
66,ก๋วยเตี๋ยวต้มยำหมู,1 ชาม / 250 g,อาหารจานหลัก,506,23,54,0,22,2507,0,3,ไม่มีโรค,สมดุล
67,ก๋วยเตี๋ยววุ้นเส้น เย็นตาโฟ,1 ชาม / 250 g,อาหารจานหลัก,210,5.6,31.7,0,6.8,1362.5,0,2.5,ไม่มีโรค,สมดุล
68,ก๋วยเตี๋ยวเส้นบะหมี่หมูแดง น้ำ,1 ชาม / 250 g,อาหารจานหลัก,170,9,21.3,0,5.5,990,0,10.7,ไม่มีโรค,สมดุล
69,ก๋วยเตี๋ยวเส้นเล็ก หมู น้ำตก,1 ชาม / 250 g,อาหารจานหลัก,202,11.53,29.1,0,4.45,1157.5,0,0,ไม่มีโรค,สมดุล
70,ก๋วยเตี๋ยวหลอด,1 จาน / 300 g,อาหารจานหลัก,225,8,30,0,10,500,0,0,โรคเบาหวาน,น้ำตาลต่ำ
71,เกาเหลาหมูตุ๋น,1 ชาม / 300 g,อาหารจานหลัก,372,21,18,14,24,299,1.7,9.4,ไม่มีโรค,สมดุล
72,เกาเหลาลูกชิ้น,1 ชาม / 300 g,อาหารจานหลัก,200,12,1,0,17,675,3.1,5.7,โรคเบาหวาน,น้ำตาลต่ำ
73,เกี๊ยวน้ำหมู,1 ถ้วย / 300 g,อาหารจานหลัก,140,7,15,3,6,930,0.7,1.6,โรคหัวใจ,ไขมันต่ำ
74,"ขนมจีน, แกงเขียวหวานไก่",1 ชาม / 300 g,อาหารจานหลัก,355,13,7,0,30,1768,3.3,15.7,ไม่มีโรค,สมดุล
75,ข้าวกล้องราดแกงคั่วสับปะรด,1 ชาม / 300 g,อาหารจานหลัก,393,10,63,0,11,0,0,25.7,ไม่มีโรค,สมดุล
76,ราดหน้าหมู,1 ชาม / 300 g,อาหารจานหลัก,420,13,63,15,13,1470,3,7.7,ไม่มีโรค,สมดุล
77,ข้าวขาหมู,1 จาน / 300 g,อาหารจานหลัก,470,21,75,0,17,1210,0,5,ไม่มีโรค,สมดุล
78,ข้าวคลุกกะปิ,1 จาน / 300 g,อาหารจานหลัก,540,16,70,9,22,910,2.2,26.7,ไม่มีโรค,สมดุล
79,ข้าวผัดหมู,1 จาน / 300 g,อาหารจานหลัก,410,13,59,4,14,710,2,7.6,ไม่มีโรค,สมดุล
80,ข้าวมันไก่,1 จาน / 300 g,อาหารจานหลัก,563,34,71,6,15,2066,3.5,6.8,ไม่มีโรค,สมดุล
81,ข้าวราดแกงขี้เหล็ก,1 จาน / 300 g,อาหารจานหลัก,352,12,53,0,10,1547,0,5.5,ไม่มีโรค,สมดุล
82,ข้าวราดแกงเขียวหวานไก่,1 จาน / 300 g,อาหารจานหลัก,340,14,63,2,4,550,3.3,15.7,ไม่มีโรค,สมดุล
83,ข้าวราดแกงคั่วกลิ้งหมู,1 จาน / 300 g,อาหารจานหลัก,345,50,5,0,13,335,1.3,1.5,โรคความดันโลหิตสูง,โซเดียมต่ำ
84,ข้าวราดแกงไตปลา,1 จาน / 300 g,อาหารจานหลัก,428,38,8,0,3,576,0,1,โรคเบาหวาน,น้ำตาลต่ำ
85,ข้าวราดแกงเทโพหมูสามชั้น,1 จาน / 300 g,อาหารจานหลัก,298,7,50,0,8,347,15.8,35.1,โรคความดันโลหิตสูง,โซเดียมต่ำ
86,ข้าวราดแกงพะแนงหมู,1 จาน / 300 g,อาหารจานหลัก,520,17,2,0,49,418,1.3,19.5,โรคเบาหวาน,น้ำตาลต่ำ
87,ข้าวราดแกงมัสมั่นไก่,1 จาน / 300 g,อาหารจานหลัก,637,24,5,0,59,481,0,5.5,โรคเบาหวาน,น้ำตาลต่ำ
88,ข้าวราดแกงส้มชะอมทอด,1 จาน / 300 g,อาหารจานหลัก,397,14,57,0,13,386,1.4,3.4,โรคความดันโลหิตสูง,โซเดียมต่ำ
89,ข้าวราดแกงส้มผักรวม,1 จาน / 300 g,อาหารจานหลัก,336,58,12,4,8,410,5.5,5,โรคเบาหวาน,น้ำตาลต่ำ
90,ข้าวราดไข่เจียวหมูสับ,1 จาน / 300 g,อาหารจานหลัก,518,14,67,0,21,364,0,13.5,โรคความดันโลหิตสูง,โซเดียมต่ำ
91,ข้าวราดต้มจืดเต้าหู้ หมูสับราดข้าว,1 จาน / 300 g,อาหารจานหลัก,263,21,25,0,9,271,0,4.6,โรคความดันโลหิตสูง,โซเดียมต่ำ
92,ข้าวราดต้มพะโล้,1 จาน / 300 g,อาหารจานหลัก,535,25,66,0,19,376,0,5.9,โรคความดันโลหิตสูง,โซเดียมต่ำ
93,ข้าวราดทอดมันปลากราย,1 จาน / 300 g,อาหารจานหลัก,618,23,69,0,28,392,1.1,15.2,โรคความดันโลหิตสูง,โซเดียมต่ำ
94,ข้าวราดผัดกระเพราไก่,1 จาน / 300 g,อาหารจานหลัก,430,17,77,8,6,620,1.4,1.8,ไม่มีโรค,สมดุล
95,ข้าวราดผัดคะน้าหมูกรอบ,1 จาน / 300 g,อาหารจานหลัก,550,11,96,6,13,890,2.2,13.7,ไม่มีโรค,สมดุล
96,ข้าวราดผัดคะน้าหมูชิ้น,1 จาน / 300 g,อาหารจานหลัก,501,11,60.9,6,7.5,882,2.2,13.7,ไม่มีโรค,สมดุล
97,ข้าวราดไก่กระเทียม,1 จาน / 300 g,อาหารจานหลัก,520,60,140,2,5,760,2.3,0.63,ไม่มีโรค,สมดุล
98,ข้าวราดผัดเต้าหู้ไข่ทรงเครื่อง,1 จาน / 300 g,อาหารจานหลัก,350,25,13,0,26,1839,1,3.3,ไม่มีโรค,สมดุล
99,ข้าวราดผัดผักรวม,1 จาน / 300 g,อาหารจานหลัก,332,9,61,0,6,446,4.8,1.3,โรคความดันโลหิตสูง,โซเดียมต่ำ
100,ข้าวราดผัดเผ็ดหน่อไม้ไก่,1 จาน / 300 g,อาหารจานหลัก,320,10,60,3,4,690,0,3.6,ไม่มีโรค,สมดุล
101,ข้าวราดผัดเผ็ดหอยแมลงภู่,1 จาน / 300 g,อาหารจานหลัก,424,18,64,0,11,417,0.2,2.9,ไม่มีโรค,สมดุล
102,ข้าวราดผัดเผ็ดหอยลาย,1 จาน / 300 g,อาหารจานหลัก,307,6,48,0,10,392,2,1.5,โรคความดันโลหิตสูง,โซเดียมต่ำ
103,ข้าวราดผัดมะเขือยาวกับหมูสับ,1 จาน / 300 g,อาหารจานหลัก,315,12,23,9,20,900,0,5.1,ไม่มีโรค,สมดุล
104,ข้าวราดผัดมะระกับไข่,1 จาน / 300 g,อาหารจานหลัก,341,12,45,6,28,549,3,18.5,ไม่มีโรค,สมดุล
105,ข้าวราดยำไข่ดาว,1 จาน / 300 g,อาหารจานหลัก,336,20,75,0,29,468,0.2,6.2,โรคความดันโลหิตสูง,โซเดียมต่ำ
106,ข้าวราดยำหมูยอ,1 จาน / 300 g,อาหารจานหลัก,456,14,28,0,19,503,1.9,5,ไม่มีโรค,สมดุล
107,ข้าวราดหมูทอดกระเทียม,1 จาน / 300 g,อาหารจานหลัก,530,26,78,8,13,620,2,5.9,ไม่มีโรค,สมดุล
108,ข้าวหมกไก่,1 จาน / 300 g,อาหารจานหลัก,560,18,84,17,17,1850,2.5,5.3,ไม่มีโรค,สมดุล
109,ข้าวหมูแดง,1 จาน / 300 g,อาหารจานหลัก,560,20,96,16,11,1200,0,9.7,ไม่มีโรค,สมดุล
110,ข้าวหมูอบ,1 จาน / 300 g,อาหารจานหลัก,443,37,48,3,11,849,2.1,5.8,ไม่มีโรค,สมดุล
111,"สุกี้, ไก่, น้ำ",1 ชาม  / 300 g,อาหารจานหลัก,253,20,30,0,6,536,4.1,2.6,โรคความดันโลหิตสูง,โซเดียมต่ำ
112,"สุกี้, รวมมิตร, น้ำ",1 ชาม  / 300 g,อาหารจานหลัก,207,21,18,0,6,471,4.1,1.6,โรคความดันโลหิตสูง,โซเดียมต่ำ
113,"สุกี้, ทะเล, น้ำ",1 ชาม  / 300 g,อาหารจานหลัก,216,25,4,0,9,424,5.4,3.7,โรคความดันโลหิตสูง,โซเดียมต่ำ
114,หอยทอด,1 จาน / 300 g,อาหารจานหลัก,625,19,35,0,46,1190,12.7,22.5,ไม่มีโรค,สมดุล
115,ข้าวลาบหมู,1 จาน / 300 g,อาหารจานหลัก,380,23,61,2,5,820,2,5,ไม่มีโรค,สมดุล
116,ข้าวต้มกุ้ง,1 ชาม  / 300 g,อาหารจานหลัก,203,26.1,22.7,0,0.5,111.8,0.3,0.1,โรคหัวใจ,ไขมันต่ำ
117,ข้าวต้มหมู,1 ชาม  / 300 g,อาหารจานหลัก,200,9,36,1,2,740,2,0.1,โรคหัวใจ,ไขมันต่ำ
118,ข้าวต้มปลา,1 ชาม  / 300 g,อาหารจานหลัก,220,21,28.2,0.1,1.6,73,0.4,0.3,โรคหัวใจ,ไขมันต่ำ
119,โจ๊กหมู,1 ชาม  / 300 g,อาหารจานหลัก,157,8,20,0,5,730,0,0.38,ไม่มีโรค,สมดุล
120,โจ๊กไข่,1 ชาม  / 300 g,อาหารจานหลัก,210,4,24,2,5,910,1.8,0.1,ไม่มีโรค,ไขมันต่ำ
121,แกงส้มผักรวมปลา,300 g,อาหารจานหลัก,111,11.6,13.81,8.7,1.06,1255,5.5,0.7,โรคเบาหวาน,น้ำตาลต่ำ
122,ผัดผักคะน้าใส่หมู,300 g,อาหารจานหลัก,316,21.3,12.6,0,20.26,1294,5,13.7,โรคเบาหวาน,น้ำตาลต่ำ
123,สลัดผักรวม,300 g,อาหารจานหลัก,139,5,16.7,1.7,5.8,96,2,1.5,โรคเบาหวาน,น้ำตาลต่ำ
124,ผัดผักรวมมิตรกับเต้าหู้,300 g,อาหารจานหลัก,328,8.2,26.3,17,21.3,758,6.2,3.3,โรคเบาหวาน,น้ำตาลต่ำ
125,แกงจืดเต้าหู้หมูสับใส่ผัก,300 g,อาหารจานหลัก,209,21.4,4,0,12,576,0.3,4.6,โรคเบาหวาน,น้ำตาลต่ำ
126,ปลานึ่งมะนาว,300 g,อาหารจานหลัก,249,23.7,28.1,14.7,5,1486,2,0.2,โรคเบาหวาน,น้ำตาลต่ำ
127,แกงป่าไก่,300 g,อาหารจานหลัก,252,15.3,16.4,0.61,13.9,1124,0,5,โรคเบาหวาน,น้ำตาลต่ำ
128,แกงเลียงผักรวม,300 g,อาหารจานหลัก,135,14.3,16,2,1.1,1175,0,1,โรคเบาหวาน,น้ำตาลต่ำ
129,แกงคั่วหมูเทโพ,300 g,อาหารจานหลัก,462,25.7,31.7,0.8,26.8,2259,1,3.7,โรคเบาหวาน,น้ำตาลต่ำ
130,ต้มจับฉ่าย,300 g,อาหารจานหลัก,231,12,15,0.01,13.5,914,1.8,0.5,โรคเบาหวาน,น้ำตาลต่ำ
131,แซลมอนลุยสวน,300 g,อาหารจานหลัก,371,27.8,19.9,9.8,20,1468,0.2,0.8,โรคหัวใจ,ไขมันต่ำ
132,น้ำพริกปลาทู,150 g,อาหารจานหลัก,77,8.5,8.9,3,1.1,1419,1.3,0,โรคหัวใจ,ไขมันต่ำ
133,ปลากะพงผัดขึ้นฉ่าย,300 g,อาหารจานหลัก,157,21,9,1.8,3.5,604,1.6,1.4,โรคหัวใจ,ไขมันต่ำ
134,ข้าวผัดปลาแซลมอน,300 g,อาหารจานหลัก,527,44,4.9,2.6,42.4,689,2,0.8,โรคหัวใจ,ไขมันต่ำ
135,ข้าวผัดน้ําพริกตาแดง,300 g,อาหารจานหลัก,588,24.4,47.9,4.7,33.7,460,5.5,2.2,โรคหัวใจ,ไขมันต่ำ
136,ห่อหมกปลาดอรี่,300 g,อาหารจานหลัก,508,38.3,19.4,6.9,31.7,933,2.8,1.6,โรคหัวใจ,ไขมันต่ำ
137,น้ำพริกอ่อง,100 g,อาหารจานหลัก,346,34.4,34.9,9.5,10.2,3030,9.3,2.5,โรคหัวใจ,ไขมันต่ำ
138,ปลาผัดพริกสด,300 g,อาหารจานหลัก,439,17,68,2,11,720,1,0,โรคหัวใจ,ไขมันต่ำ
139,ต้มยำปลานิล,300 g,อาหารจานหลัก,290,25,45,3.2,2.8,3819,3.1,0.7,โรคหัวใจ,ไขมันต่ำ
140,กุ้งทอดกระเทียม,300 g,อาหารจานหลัก,540,34.2,60.2,0.2,16.4,423.7,0,1.6,โรคหัวใจ,ไขมันต่ำ
141,เห็ดรวมผัดน้ำมันหอย,300 g,อาหารจานหลัก,82,3.5,8.1,1.1,4.9,430,1.74,0.8,โรคหัวใจ,ไขมันต่ำ
142,ฟักทองผัดไข่ขาว,300 g,อาหารจานหลัก,243,14.3,9.4,4.5,16.3,826,3,4,โรคหัวใจ,ไขมันต่ำ
143,สลัดอกไก่ต้ม,300 g,อาหารจานหลัก,165,20,10,0,5,121,0,0,โรคหัวใจ,ไขมันต่ำ
144,ปลานิลนึ่งตะไคร้,300 g,อาหารจานหลัก,384,42,12.7,0,7,211,0,0,โรคหัวใจ,ไขมันต่ำ
145,กุ้งอบวุ้นเส้น,300 g,อาหารจานหลัก,591,33.1,113,9.5,0.4,385,0,1.7,โรคความดันโลหิตสูง,โซเดียมต่ำ
146,ไก่อบสมุนไพร,300 g,อาหารจานหลัก,178,23.3,0,0,8.8,95,0.5,2.4,โรคความดันโลหิตสูง,โซเดียมต่ำ
147,ข้าวอบธัญพืช,300 g,อาหารจานหลัก,240,12,42,1,3,450,1.1,3,โรคความดันโลหิตสูง,โซเดียมต่ำ
148,ปลานึ่งขิง,300 g,อาหารจานหลัก,201,48,0,0,1,350,0,2.4,โรคความดันโลหิตสูง,โซเดียมต่ำ
149,ต้มยำเห็ดรวมน้ำใส,300 g,อาหารจานหลัก,48,3.3,7.4,2,0.6,339,1.2,1.4,โรคความดันโลหิตสูง,โซเดียมต่ำ
150,แกงเหลืองปลา,300 g,อาหารจานหลัก,41,7.9,1.3,0,0.1,674,1.6,1,โรคความดันโลหิตสูง,โซเดียมต่ำ
151,ชาเขียวนมสด,1 แก้ว / 350 ml,เครื่องดื่ม,244,2.92,39.65,32.07,8.27,0,0,13,ไม่มีโรค,สมดุล
152,ชาเย็น,1 แก้ว / 350 ml,เครื่องดื่ม,215,2.67,34.71,26.57,7.34,0,2.8,23.4,ไม่มีโรค,สมดุล
153,ชามะนาว,1 แก้ว / 350 ml,เครื่องดื่ม,180,0,45,22,0,0.4,7,0,โรคเบาหวาน,น้ำตาลต่ำ
154,นมเปรี้ยว บีทาเก้นไลท์,300 ml,เครื่องดื่ม,180,6,39,21,0,0,0,0,โรคเบาหวาน,น้ำตาลต่ำ
155,นม ยูเอชที รสจืด,1 กล่อง / 180 ml,เครื่องดื่ม,110,4,12,11,6,0.25,0,4,โรคความดันโลหิตสูง,โซเดียมต่ำ
156,นมสดหนองโพ รสหวาน,1 กล่อง / 225 ml,เครื่องดื่ม,180,7,20,20,8,0.22,0,5,โรคความดันโลหิตสูง,โซเดียมต่ำ
157,นมรสกาแฟลาเต้ - เมจิ,1 กล่อง / 200 ml,เครื่องดื่ม,90,5,11,10,2.5,0.25,1,1,โรคหัวใจ,ไขมันต่ำ
158,ดัชมิลล์นมเปรี้ยวรสธรรมชาติ,1 กล่อง / 200 ml,เครื่องดื่ม,120,4,26,24,0,0.15,0.9,2.3,โรคเบาหวาน,น้ำตาลต่ำ
159,โยเกิร์ตรสธรรมชาติ - ดัชชี่,1 ถ้วย / 135 g,เครื่องดื่ม,120,3.7,14.1,10.4,3.5,0.17,0,2.5,ไม่มีโรค,สมดุล
160,โยเกิร์ตรสผลไม้รวม - ดัชชี่,1 ถ้วย / 135 g,เครื่องดื่ม,140,4,25,21,3,0.16,1,1.5,โรคหัวใจ,ไขมันต่ำ
161,"ขนมถ้วย, ใบเตย",100 g,ขนม,155,1.4,30.77,14,2.97,263,0,0,โรคหัวใจ,ไขมันต่ำ
162,ข้าวเหนียวมูล ,100 g,ขนม,281,3.1,52.2,8.1,6.3,342,1,5.7,ไม่มีโรค,สมดุล
163,เอแคลร์ ครีมนมสด,90 g,ขนม,170,0,20,9,9,0.42,4,5,ไม่มีโรค,สมดุล
164,ขนมกล้วย,100 g,ขนม,181,1.31,37.94,26.33,2.74,263,2.6,0.1,โรคหัวใจ,ไขมันต่ำ
165,"กล้วยไข่, เชื่อม ",100 g,ขนม,237,1.2,53.3,8.4,1.8,0.6,1.2,0.2,โรคหัวใจ,ไขมันต่ำ
166,เฟรนช์ฟรายส์,100 g,ฟาสต์ฟู้ด,196,1.9,18.5,1.3,13.1,141,1.6,3,ไม่มีโรค,สมดุล
167,นักเก็ตไก่,100 g,ฟาสต์ฟู้ด,295,15,14,0,20,557,2.1,1.3,โรคเบาหวาน,น้ำตาลต่ำ
168,แซนด์วิชแฮมชีส,100 g,ฟาสต์ฟู้ด,241,14.17,22.84,0,10.6,528,1.3,3.25,ไม่มีโรค,สมดุล
169,ขนมปังกระเทียม,100 g,ฟาสต์ฟู้ด,380,8,45,2,20,630,2.5,2.5,โรคความดันโลหิตสูง,โซเดียมต่ำ
170,พิซซ่า หน้าฮาวายเอี่ยน,100 g,ฟาสต์ฟู้ด,260,13,25,3,10,460,2,5,ไม่มีโรค,สมดุล
171,ขนมปังโฮลวีต,50 g,ขนม,130,6,23,2,2.5,0.5,1.2,1,โรคความดันโลหิตสูง,โซเดียมต่ำ
172,ราสเบอร์รี่,100 g,ผลไม้,65,1.5,14.7,5.4,0.8,0,8,0,โรคความดันโลหิตสูง,โซเดียมต่ำ
173,เเซลม่อน,100 g,อาหารจานหลัก,142,19.8,0,0,44,6.34,0.8,1.5,โรคความดันโลหิตสูง,โซเดียมต่ำ
174,สเต๊กปลาแซลมอน,100 g,อาหารจานหลัก,208,20,0,0,13,59,0.8,1.2,โรคความดันโลหิตสูง,โซเดียมต่ำ
175,อกไก่,100 g,อาหารจานหลัก,165,31,0,0,3.9,507,0,0.6,โรคหัวใจ,ไขมันต่ำ
176,"โยเกิร์ต, กรีก, ไร้ไขมัน",100 g,เครื่องดื่ม,59,10.2,3.6,3.2,0.4,36,0,0.1,โรคหัวใจ,ไขมันต่ำ
177,เต้าหู้,126 g,อาหารจานหลัก,181,21.8,3.5,2.7,11,17.6,2.9,0.7,โรคหัวใจ,ไขมันต่ำ
178,เนยถั่วลิสงบด,100 g,ขนม,94,4,3,3.35,8,134.4,2,1.3,โรคหัวใจ,ไขมันต่ำ
179,สลัดทูน่าไข่ต้ม,443 g,อาหารจานหลัก,395,44,9,13,19,140,0,0,โรคหัวใจ,ไขมันต่ำ
180,แซนด์วิชอกไก่อะโวคาโด,100 g,ขนม,385,19,34,5,19,0,2,0.4,โรคหัวใจ,ไขมันต่ำ
